INSERT INTO "main"."shopping_locations" ("id", "name", "description", "row_created_timestamp") VALUES ('1', 'Oda', '', '2021-08-08 13:18:38');
INSERT INTO "main"."shopping_locations" ("id", "name", "description", "row_created_timestamp") VALUES ('2', 'Mega Kolbotn', '', '2021-08-08 13:18:44');
INSERT INTO "main"."shopping_locations" ("id", "name", "description", "row_created_timestamp") VALUES ('3', 'Meny Drøbak City', '', '2021-08-12 20:33:29');

DELETE FROM "main"."quantity_units" WHERE id=2;
DELETE FROM "main"."quantity_units" WHERE id=3;
INSERT INTO "main"."quantity_units" ("id", "name", "description", "row_created_timestamp", "name_plural", "plural_forms") VALUES ('2', 'stk', '', '2021-08-07 18:58:39', 'stk', '');
INSERT INTO "main"."quantity_units" ("id", "name", "description", "row_created_timestamp", "name_plural", "plural_forms") VALUES ('3', 'pakke', '', '2021-08-07 18:58:39', 'pakker', '');
INSERT INTO "main"."quantity_units" ("id", "name", "description", "row_created_timestamp", "name_plural", "plural_forms") VALUES ('4', 'liter', '', '2021-08-08 08:22:24', 'liter', '');
INSERT INTO "main"."quantity_units" ("id", "name", "description", "row_created_timestamp", "name_plural", "plural_forms") VALUES ('5', 'gram', '', '2021-08-08 08:43:01', 'gram', '');

INSERT INTO "main"."userfields" ("id", "entity", "name", "caption", "type", "show_as_column_in_tables", "row_created_timestamp", "config", "sort_number", "input_required") VALUES ('1', 'products', 'oda', 'Produktnavn Oda', 'text-single-line', '0', '2021-11-03 17:38:16', '', '', '0');
INSERT INTO "main"."userfields" ("id", "entity", "name", "caption", "type", "show_as_column_in_tables", "row_created_timestamp", "config", "sort_number", "input_required") VALUES ('2', 'quantity_units', 'abbreviation', 'Forkortelse', 'text-single-line', '1', '2021-11-06 11:51:38', '', '', '0');

DELETE FROM "main"."locations" WHERE id=2;
INSERT INTO "main"."locations" ("id", "name", "description", "row_created_timestamp", "is_freezer") VALUES ('2', 'Kjøleskap', '', '2021-08-07 18:58:39', '0');
INSERT INTO "main"."locations" ("id", "name", "description", "row_created_timestamp", "is_freezer") VALUES ('3', 'Fryser', '', '2021-08-07 19:03:15', '1');
INSERT INTO "main"."locations" ("id", "name", "description", "row_created_timestamp", "is_freezer") VALUES ('4', 'Høyre skap', '', '2021-08-07 19:03:22', '0');
INSERT INTO "main"."locations" ("id", "name", "description", "row_created_timestamp", "is_freezer") VALUES ('5', 'Venstre skap', '', '2021-08-07 19:03:26', '0');
INSERT INTO "main"."locations" ("id", "name", "description", "row_created_timestamp", "is_freezer") VALUES ('6', 'Bad', '', '2021-08-07 19:03:31', '0');
INSERT INTO "main"."locations" ("id", "name", "description", "row_created_timestamp", "is_freezer") VALUES ('7', 'Importert', '', '2021-08-07 19:36:20', '0');
INSERT INTO "main"."locations" ("id", "name", "description", "row_created_timestamp", "is_freezer") VALUES ('8', 'Midterste skap', '', '2021-08-08 10:29:12', '0');
INSERT INTO "main"."locations" ("id", "name", "description", "row_created_timestamp", "is_freezer") VALUES ('9', 'Skap under vask kjøkken', '', '2021-08-08 10:29:20', '0');

INSERT INTO "main"."products" ("id", "name", "description", "product_group_id", "active", "location_id", "shopping_location_id", "qu_id_purchase", "qu_id_stock", "qu_factor_purchase_to_stock", "min_stock_amount", "default_best_before_days", "default_best_before_days_after_open", "default_best_before_days_after_freezing", "default_best_before_days_after_thawing", "picture_file_name", "enable_tare_weight_handling", "tare_weight", "not_check_stock_fulfillment_for_recipes", "parent_product_id", "calories", "cumulate_min_stock_amount_of_sub_products", "due_type", "quick_consume_amount", "hide_on_stock_overview", "row_created_timestamp", "default_print_stock_label", "allow_label_per_unit", "should_not_be_frozen") VALUES ('1', 'Eplejuice', '', '4', '1', '2', '1', '2', '4', '1.75', '1', '14', '0', '0', '0', 'ohnkb3n6vhpnctizzkpr9qeplejuice.jpeg', '0', '0.0', '0', '', '0', '0', '1', '1.75', '0', '2021-08-07 19:01:49', '0', '0', '0');
INSERT INTO "main"."products" ("id", "name", "description", "product_group_id", "active", "location_id", "shopping_location_id", "qu_id_purchase", "qu_id_stock", "qu_factor_purchase_to_stock", "min_stock_amount", "default_best_before_days", "default_best_before_days_after_open", "default_best_before_days_after_freezing", "default_best_before_days_after_thawing", "picture_file_name", "enable_tare_weight_handling", "tare_weight", "not_check_stock_fulfillment_for_recipes", "parent_product_id", "calories", "cumulate_min_stock_amount_of_sub_products", "due_type", "quick_consume_amount", "hide_on_stock_overview", "row_created_timestamp", "default_print_stock_label", "allow_label_per_unit", "should_not_be_frozen") VALUES ('2', 'Peppes Pizza Farmer''s meat', 'm/Skinke 525g', '3', '1', '3', '1', '2', '2', '1.0', '1', '-1', '0', '0', '0', 'egzsk5uvh0v3q4py2ic84a7034280002594.jpg', '0', '0.0', '0', '', '237', '0', '1', '1.0', '0', '2021-08-07 19:39:27', '0', '0', '0');
INSERT INTO "main"."products" ("id", "name", "description", "product_group_id", "active", "location_id", "shopping_location_id", "qu_id_purchase", "qu_id_stock", "qu_factor_purchase_to_stock", "min_stock_amount", "default_best_before_days", "default_best_before_days_after_open", "default_best_before_days_after_freezing", "default_best_before_days_after_thawing", "picture_file_name", "enable_tare_weight_handling", "tare_weight", "not_check_stock_fulfillment_for_recipes", "parent_product_id", "calories", "cumulate_min_stock_amount_of_sub_products", "due_type", "quick_consume_amount", "hide_on_stock_overview", "row_created_timestamp", "default_print_stock_label", "allow_label_per_unit", "should_not_be_frozen") VALUES ('3', 'Spaghetti', '500g Sopps', '3', '1', '4', '1', '3', '5', '500.0', '220', '-1', '0', '0', '0', '', '0', '5.0', '0', '', '1', '0', '1', '1.0', '0', '2021-08-07 20:27:39', '0', '0', '0');
INSERT INTO "main"."products" ("id", "name", "description", "product_group_id", "active", "location_id", "shopping_location_id", "qu_id_purchase", "qu_id_stock", "qu_factor_purchase_to_stock", "min_stock_amount", "default_best_before_days", "default_best_before_days_after_open", "default_best_before_days_after_freezing", "default_best_before_days_after_thawing", "picture_file_name", "enable_tare_weight_handling", "tare_weight", "not_check_stock_fulfillment_for_recipes", "parent_product_id", "calories", "cumulate_min_stock_amount_of_sub_products", "due_type", "quick_consume_amount", "hide_on_stock_overview", "row_created_timestamp", "default_print_stock_label", "allow_label_per_unit", "should_not_be_frozen") VALUES ('4', 'Head&Shoulders', 'Shampoo Classic Clean 400ml', '1', '1', '6', '1', '2', '2', '1.0', '2', '-1', '0', '0', '0', '4015600745882.jpg', '0', '0.0', '0', '', '0', '0', '1', '1.0', '0', '2021-08-08 12:19:18', '0', '0', '0');
INSERT INTO "main"."products" ("id", "name", "description", "product_group_id", "active", "location_id", "shopping_location_id", "qu_id_purchase", "qu_id_stock", "qu_factor_purchase_to_stock", "min_stock_amount", "default_best_before_days", "default_best_before_days_after_open", "default_best_before_days_after_freezing", "default_best_before_days_after_thawing", "picture_file_name", "enable_tare_weight_handling", "tare_weight", "not_check_stock_fulfillment_for_recipes", "parent_product_id", "calories", "cumulate_min_stock_amount_of_sub_products", "due_type", "quick_consume_amount", "hide_on_stock_overview", "row_created_timestamp", "default_print_stock_label", "allow_label_per_unit", "should_not_be_frozen") VALUES ('5', 'Lano Dusjsåpe', '250ml', '1', '1', '6', '1', '2', '2', '1.0', '1', '-1', '0', '0', '0', '7310610015404.jpg', '0', '0.0', '0', '', '0', '0', '1', '1.0', '0', '2021-08-08 12:21:00', '0', '0', '0');
INSERT INTO "main"."products" ("id", "name", "description", "product_group_id", "active", "location_id", "shopping_location_id", "qu_id_purchase", "qu_id_stock", "qu_factor_purchase_to_stock", "min_stock_amount", "default_best_before_days", "default_best_before_days_after_open", "default_best_before_days_after_freezing", "default_best_before_days_after_thawing", "picture_file_name", "enable_tare_weight_handling", "tare_weight", "not_check_stock_fulfillment_for_recipes", "parent_product_id", "calories", "cumulate_min_stock_amount_of_sub_products", "due_type", "quick_consume_amount", "hide_on_stock_overview", "row_created_timestamp", "default_print_stock_label", "allow_label_per_unit", "should_not_be_frozen") VALUES ('6', 'Lano Håndsåpe', '300ml', '1', '1', '6', '1', '2', '2', '1.0', '1', '-1', '0', '0', '0', '7046110054550.jpg', '0', '0.0', '0', '', '0', '0', '1', '1.0', '0', '2021-08-08 12:21:41', '0', '0', '0');
INSERT INTO "main"."products" ("id", "name", "description", "product_group_id", "active", "location_id", "shopping_location_id", "qu_id_purchase", "qu_id_stock", "qu_factor_purchase_to_stock", "min_stock_amount", "default_best_before_days", "default_best_before_days_after_open", "default_best_before_days_after_freezing", "default_best_before_days_after_thawing", "picture_file_name", "enable_tare_weight_handling", "tare_weight", "not_check_stock_fulfillment_for_recipes", "parent_product_id", "calories", "cumulate_min_stock_amount_of_sub_products", "due_type", "quick_consume_amount", "hide_on_stock_overview", "row_created_timestamp", "default_print_stock_label", "allow_label_per_unit", "should_not_be_frozen") VALUES ('7', 'Hold-It Ost&Skinke', '4x110g Stabburet', '4', '1', '3', '1', '3', '2', '4.0', '3', '-1', '0', '0', '0', '7039010068970.jpg', '0', '0.0', '0', '', '0', '0', '1', '1.0', '0', '2021-08-08 12:21:48', '0', '0', '0');
INSERT INTO "main"."products" ("id", "name", "description", "product_group_id", "active", "location_id", "shopping_location_id", "qu_id_purchase", "qu_id_stock", "qu_factor_purchase_to_stock", "min_stock_amount", "default_best_before_days", "default_best_before_days_after_open", "default_best_before_days_after_freezing", "default_best_before_days_after_thawing", "picture_file_name", "enable_tare_weight_handling", "tare_weight", "not_check_stock_fulfillment_for_recipes", "parent_product_id", "calories", "cumulate_min_stock_amount_of_sub_products", "due_type", "quick_consume_amount", "hide_on_stock_overview", "row_created_timestamp", "default_print_stock_label", "allow_label_per_unit", "should_not_be_frozen") VALUES ('8', 'Lettmelk 1,0%', '1,75l Tine', '4', '1', '2', '1', '2', '4', '1.75', '0.5', '7', '0', '0', '0', '7038010000980.jpg', '0', '0.0', '0', '', '1', '0', '1', '1.75', '0', '2021-08-08 12:21:53', '0', '0', '0');
INSERT INTO "main"."products" ("id", "name", "description", "product_group_id", "active", "location_id", "shopping_location_id", "qu_id_purchase", "qu_id_stock", "qu_factor_purchase_to_stock", "min_stock_amount", "default_best_before_days", "default_best_before_days_after_open", "default_best_before_days_after_freezing", "default_best_before_days_after_thawing", "picture_file_name", "enable_tare_weight_handling", "tare_weight", "not_check_stock_fulfillment_for_recipes", "parent_product_id", "calories", "cumulate_min_stock_amount_of_sub_products", "due_type", "quick_consume_amount", "hide_on_stock_overview", "row_created_timestamp", "default_print_stock_label", "allow_label_per_unit", "should_not_be_frozen") VALUES ('9', 'Pastasaus Classico', '500g Dolmio', '3', '1', '5', '1', '2', '2', '1.0', '2', '-1', '0', '0', '0', '4002359004575.jpg', '0', '0.0', '0', '', '1', '0', '1', '1.0', '0', '2021-08-08 12:21:57', '0', '0', '0');
INSERT INTO "main"."products" ("id", "name", "description", "product_group_id", "active", "location_id", "shopping_location_id", "qu_id_purchase", "qu_id_stock", "qu_factor_purchase_to_stock", "min_stock_amount", "default_best_before_days", "default_best_before_days_after_open", "default_best_before_days_after_freezing", "default_best_before_days_after_thawing", "picture_file_name", "enable_tare_weight_handling", "tare_weight", "not_check_stock_fulfillment_for_recipes", "parent_product_id", "calories", "cumulate_min_stock_amount_of_sub_products", "due_type", "quick_consume_amount", "hide_on_stock_overview", "row_created_timestamp", "default_print_stock_label", "allow_label_per_unit", "should_not_be_frozen") VALUES ('10', 'Maxboller', 'i Tomatsaus 800g Trondhjems', '3', '1', '5', '1', '2', '2', '1.0', '1', '-1', '0', '0', '0', '7045810000355.jpg', '0', '0.0', '0', '', '1', '0', '1', '1.0', '0', '2021-08-08 12:22:11', '0', '0', '0');
INSERT INTO "main"."products" ("id", "name", "description", "product_group_id", "active", "location_id", "shopping_location_id", "qu_id_purchase", "qu_id_stock", "qu_factor_purchase_to_stock", "min_stock_amount", "default_best_before_days", "default_best_before_days_after_open", "default_best_before_days_after_freezing", "default_best_before_days_after_thawing", "picture_file_name", "enable_tare_weight_handling", "tare_weight", "not_check_stock_fulfillment_for_recipes", "parent_product_id", "calories", "cumulate_min_stock_amount_of_sub_products", "due_type", "quick_consume_amount", "hide_on_stock_overview", "row_created_timestamp", "default_print_stock_label", "allow_label_per_unit", "should_not_be_frozen") VALUES ('11', 'Jif Universal', '500ml Spray', '2', '1', '6', '1', '2', '2', '1.0', '1', '-1', '0', '0', '0', '7046110013168.jpg', '0', '0.0', '0', '', '0', '0', '1', '1.0', '0', '2021-08-08 12:22:18', '0', '0', '0');
INSERT INTO "main"."products" ("id", "name", "description", "product_group_id", "active", "location_id", "shopping_location_id", "qu_id_purchase", "qu_id_stock", "qu_factor_purchase_to_stock", "min_stock_amount", "default_best_before_days", "default_best_before_days_after_open", "default_best_before_days_after_freezing", "default_best_before_days_after_thawing", "picture_file_name", "enable_tare_weight_handling", "tare_weight", "not_check_stock_fulfillment_for_recipes", "parent_product_id", "calories", "cumulate_min_stock_amount_of_sub_products", "due_type", "quick_consume_amount", "hide_on_stock_overview", "row_created_timestamp", "default_print_stock_label", "allow_label_per_unit", "should_not_be_frozen") VALUES ('12', 'Zalo Oppvaskspray', '500ml', '2', '1', '6', '1', '2', '2', '1.0', '1', '-1', '0', '0', '0', '7046110018637.jpg', '0', '0.0', '0', '', '0', '0', '1', '1.0', '0', '2021-08-08 12:22:23', '0', '0', '0');
INSERT INTO "main"."products" ("id", "name", "description", "product_group_id", "active", "location_id", "shopping_location_id", "qu_id_purchase", "qu_id_stock", "qu_factor_purchase_to_stock", "min_stock_amount", "default_best_before_days", "default_best_before_days_after_open", "default_best_before_days_after_freezing", "default_best_before_days_after_thawing", "picture_file_name", "enable_tare_weight_handling", "tare_weight", "not_check_stock_fulfillment_for_recipes", "parent_product_id", "calories", "cumulate_min_stock_amount_of_sub_products", "due_type", "quick_consume_amount", "hide_on_stock_overview", "row_created_timestamp", "default_print_stock_label", "allow_label_per_unit", "should_not_be_frozen") VALUES ('13', 'Soft Flora', 'Original Margarin 600g', '4', '1', '2', '1', '2', '5', '400.0', '50', '0', '0', '0', '0', '7036110010489.jpg', '0', '0.0', '0', '', '1', '0', '1', '1.0', '0', '2021-08-08 12:22:29', '0', '0', '0');
INSERT INTO "main"."products" ("id", "name", "description", "product_group_id", "active", "location_id", "shopping_location_id", "qu_id_purchase", "qu_id_stock", "qu_factor_purchase_to_stock", "min_stock_amount", "default_best_before_days", "default_best_before_days_after_open", "default_best_before_days_after_freezing", "default_best_before_days_after_thawing", "picture_file_name", "enable_tare_weight_handling", "tare_weight", "not_check_stock_fulfillment_for_recipes", "parent_product_id", "calories", "cumulate_min_stock_amount_of_sub_products", "due_type", "quick_consume_amount", "hide_on_stock_overview", "row_created_timestamp", "default_print_stock_label", "allow_label_per_unit", "should_not_be_frozen") VALUES ('14', 'Kjøttkaker', '800g Gilde', '3', '1', '3', '1', '3', '2', '16.0', '3', '-1', '0', '0', '0', '7037204726255.jpg', '0', '0.0', '0', '', '1', '0', '1', '3.0', '0', '2021-08-08 12:22:34', '0', '0', '0');
INSERT INTO "main"."products" ("id", "name", "description", "product_group_id", "active", "location_id", "shopping_location_id", "qu_id_purchase", "qu_id_stock", "qu_factor_purchase_to_stock", "min_stock_amount", "default_best_before_days", "default_best_before_days_after_open", "default_best_before_days_after_freezing", "default_best_before_days_after_thawing", "picture_file_name", "enable_tare_weight_handling", "tare_weight", "not_check_stock_fulfillment_for_recipes", "parent_product_id", "calories", "cumulate_min_stock_amount_of_sub_products", "due_type", "quick_consume_amount", "hide_on_stock_overview", "row_created_timestamp", "default_print_stock_label", "allow_label_per_unit", "should_not_be_frozen") VALUES ('15', 'Kjøttdeig', 'Gilde', '3', '1', '3', '2', '3', '2', '1.0', '2', '-1', '0', '-1', '5', 'wc2vayktrsd0efkz1d5409hae0a1a27-69e8-45c8-9441-9495c764402f.jpeg', '0', '0.0', '0', '', '1', '0', '1', '1.0', '0', '2021-08-08 12:22:34', '0', '0', '0');
INSERT INTO "main"."products" ("id", "name", "description", "product_group_id", "active", "location_id", "shopping_location_id", "qu_id_purchase", "qu_id_stock", "qu_factor_purchase_to_stock", "min_stock_amount", "default_best_before_days", "default_best_before_days_after_open", "default_best_before_days_after_freezing", "default_best_before_days_after_thawing", "picture_file_name", "enable_tare_weight_handling", "tare_weight", "not_check_stock_fulfillment_for_recipes", "parent_product_id", "calories", "cumulate_min_stock_amount_of_sub_products", "due_type", "quick_consume_amount", "hide_on_stock_overview", "row_created_timestamp", "default_print_stock_label", "allow_label_per_unit", "should_not_be_frozen") VALUES ('16', 'Lefsegodt', '', '4', '1', '2', '1', '3', '2', '6.0', '2', '-1', '0', '0', '0', '', '0', '0.0', '0', '', '1', '0', '1', '1.0', '0', '2021-08-08 12:23:53', '0', '0', '0');
INSERT INTO "main"."products" ("id", "name", "description", "product_group_id", "active", "location_id", "shopping_location_id", "qu_id_purchase", "qu_id_stock", "qu_factor_purchase_to_stock", "min_stock_amount", "default_best_before_days", "default_best_before_days_after_open", "default_best_before_days_after_freezing", "default_best_before_days_after_thawing", "picture_file_name", "enable_tare_weight_handling", "tare_weight", "not_check_stock_fulfillment_for_recipes", "parent_product_id", "calories", "cumulate_min_stock_amount_of_sub_products", "due_type", "quick_consume_amount", "hide_on_stock_overview", "row_created_timestamp", "default_print_stock_label", "allow_label_per_unit", "should_not_be_frozen") VALUES ('17', 'Bixit Original', '300g', '4', '1', '4', '1', '3', '3', '1.0', '1', '-1', '0', '0', '0', '7039317007412.jpg', '0', '0.0', '0', '', '1', '0', '1', '1.0', '0', '2021-08-08 12:23:53', '0', '0', '0');
INSERT INTO "main"."products" ("id", "name", "description", "product_group_id", "active", "location_id", "shopping_location_id", "qu_id_purchase", "qu_id_stock", "qu_factor_purchase_to_stock", "min_stock_amount", "default_best_before_days", "default_best_before_days_after_open", "default_best_before_days_after_freezing", "default_best_before_days_after_thawing", "picture_file_name", "enable_tare_weight_handling", "tare_weight", "not_check_stock_fulfillment_for_recipes", "parent_product_id", "calories", "cumulate_min_stock_amount_of_sub_products", "due_type", "quick_consume_amount", "hide_on_stock_overview", "row_created_timestamp", "default_print_stock_label", "allow_label_per_unit", "should_not_be_frozen") VALUES ('18', 'Maiskorn', '3x160g Green Giant', '3', '1', '4', '1', '3', '2', '3.0', '1', '-1', '0', '0', '0', '3254474024889.jpg', '0', '0.0', '0', '', '1', '0', '1', '1.0', '0', '2021-08-08 12:48:44', '0', '0', '0');
INSERT INTO "main"."products" ("id", "name", "description", "product_group_id", "active", "location_id", "shopping_location_id", "qu_id_purchase", "qu_id_stock", "qu_factor_purchase_to_stock", "min_stock_amount", "default_best_before_days", "default_best_before_days_after_open", "default_best_before_days_after_freezing", "default_best_before_days_after_thawing", "picture_file_name", "enable_tare_weight_handling", "tare_weight", "not_check_stock_fulfillment_for_recipes", "parent_product_id", "calories", "cumulate_min_stock_amount_of_sub_products", "due_type", "quick_consume_amount", "hide_on_stock_overview", "row_created_timestamp", "default_print_stock_label", "allow_label_per_unit", "should_not_be_frozen") VALUES ('19', 'Pepsi Max', '1,5lx8 flaske', '3', '1', '2', '1', '3', '2', '6.0', '2', '-1', '0', '0', '0', '7044615874673.jpg', '0', '0.0', '0', '', '1', '0', '1', '1.0', '0', '2021-08-08 12:53:36', '0', '0', '0');
INSERT INTO "main"."products" ("id", "name", "description", "product_group_id", "active", "location_id", "shopping_location_id", "qu_id_purchase", "qu_id_stock", "qu_factor_purchase_to_stock", "min_stock_amount", "default_best_before_days", "default_best_before_days_after_open", "default_best_before_days_after_freezing", "default_best_before_days_after_thawing", "picture_file_name", "enable_tare_weight_handling", "tare_weight", "not_check_stock_fulfillment_for_recipes", "parent_product_id", "calories", "cumulate_min_stock_amount_of_sub_products", "due_type", "quick_consume_amount", "hide_on_stock_overview", "row_created_timestamp", "default_print_stock_label", "allow_label_per_unit", "should_not_be_frozen") VALUES ('20', 'Vaniljesaus', '0,5l Piano', '4', '1', '2', '1', '2', '4', '0.5', '0', '0', '7', '0', '0', '7038010037542.jpg', '0', '0.0', '0', '', '1', '0', '1', '0.1', '0', '2021-08-08 12:54:29', '0', '0', '0');
INSERT INTO "main"."products" ("id", "name", "description", "product_group_id", "active", "location_id", "shopping_location_id", "qu_id_purchase", "qu_id_stock", "qu_factor_purchase_to_stock", "min_stock_amount", "default_best_before_days", "default_best_before_days_after_open", "default_best_before_days_after_freezing", "default_best_before_days_after_thawing", "picture_file_name", "enable_tare_weight_handling", "tare_weight", "not_check_stock_fulfillment_for_recipes", "parent_product_id", "calories", "cumulate_min_stock_amount_of_sub_products", "due_type", "quick_consume_amount", "hide_on_stock_overview", "row_created_timestamp", "default_print_stock_label", "allow_label_per_unit", "should_not_be_frozen") VALUES ('21', 'Fløtemysost', '500g Tine', '4', '1', '2', '1', '2', '5', '500.0', '50', '0', '0', '0', '0', '7038010028434.jpg', '0', '5.0', '0', '', '1', '0', '1', '1.0', '0', '2021-08-08 12:54:35', '0', '0', '0');
INSERT INTO "main"."products" ("id", "name", "description", "product_group_id", "active", "location_id", "shopping_location_id", "qu_id_purchase", "qu_id_stock", "qu_factor_purchase_to_stock", "min_stock_amount", "default_best_before_days", "default_best_before_days_after_open", "default_best_before_days_after_freezing", "default_best_before_days_after_thawing", "picture_file_name", "enable_tare_weight_handling", "tare_weight", "not_check_stock_fulfillment_for_recipes", "parent_product_id", "calories", "cumulate_min_stock_amount_of_sub_products", "due_type", "quick_consume_amount", "hide_on_stock_overview", "row_created_timestamp", "default_print_stock_label", "allow_label_per_unit", "should_not_be_frozen") VALUES ('22', 'Sun Maskinoppvask', 'Pulver 755g', '2', '1', '8', '1', '3', '5', '755.0', '1', '-1', '0', '0', '0', '7046110308936.jpg', '0', '0.0', '0', '', '0', '0', '1', '1.0', '0', '2021-08-08 12:54:40', '0', '0', '0');
INSERT INTO "main"."products" ("id", "name", "description", "product_group_id", "active", "location_id", "shopping_location_id", "qu_id_purchase", "qu_id_stock", "qu_factor_purchase_to_stock", "min_stock_amount", "default_best_before_days", "default_best_before_days_after_open", "default_best_before_days_after_freezing", "default_best_before_days_after_thawing", "picture_file_name", "enable_tare_weight_handling", "tare_weight", "not_check_stock_fulfillment_for_recipes", "parent_product_id", "calories", "cumulate_min_stock_amount_of_sub_products", "due_type", "quick_consume_amount", "hide_on_stock_overview", "row_created_timestamp", "default_print_stock_label", "allow_label_per_unit", "should_not_be_frozen") VALUES ('23', 'Sun 3 i 1 Glans & Tørkemiddel', 'Glans & Tørkemiddel 350ml', '2', '1', '8', '1', '2', '2', '1.0', '1', '-1', '0', '0', '0', '7046110008737.jpg', '0', '0.0', '0', '', '0', '0', '1', '1.0', '0', '2021-08-08 12:54:45', '0', '0', '0');
INSERT INTO "main"."products" ("id", "name", "description", "product_group_id", "active", "location_id", "shopping_location_id", "qu_id_purchase", "qu_id_stock", "qu_factor_purchase_to_stock", "min_stock_amount", "default_best_before_days", "default_best_before_days_after_open", "default_best_before_days_after_freezing", "default_best_before_days_after_thawing", "picture_file_name", "enable_tare_weight_handling", "tare_weight", "not_check_stock_fulfillment_for_recipes", "parent_product_id", "calories", "cumulate_min_stock_amount_of_sub_products", "due_type", "quick_consume_amount", "hide_on_stock_overview", "row_created_timestamp", "default_print_stock_label", "allow_label_per_unit", "should_not_be_frozen") VALUES ('24', 'Omo Ultra Hvitt', 'Trippel Dose 16stk', '2', '1', '6', '1', '3', '2', '16.0', '1', '-1', '0', '0', '0', '7046110305416.jpg', '0', '0.0', '0', '', '1', '0', '1', '1.0', '0', '2021-08-08 12:54:51', '0', '0', '0');
INSERT INTO "main"."products" ("id", "name", "description", "product_group_id", "active", "location_id", "shopping_location_id", "qu_id_purchase", "qu_id_stock", "qu_factor_purchase_to_stock", "min_stock_amount", "default_best_before_days", "default_best_before_days_after_open", "default_best_before_days_after_freezing", "default_best_before_days_after_thawing", "picture_file_name", "enable_tare_weight_handling", "tare_weight", "not_check_stock_fulfillment_for_recipes", "parent_product_id", "calories", "cumulate_min_stock_amount_of_sub_products", "due_type", "quick_consume_amount", "hide_on_stock_overview", "row_created_timestamp", "default_print_stock_label", "allow_label_per_unit", "should_not_be_frozen") VALUES ('25', 'Sensodyne Tannkrem', 'Original 75ml', '1', '1', '6', '1', '2', '2', '1.0', '1', '-1', '0', '0', '0', '5054563020338.jpg', '0', '0.0', '0', '', '0', '0', '1', '1.0', '0', '2021-08-08 12:54:55', '0', '0', '0');
INSERT INTO "main"."products" ("id", "name", "description", "product_group_id", "active", "location_id", "shopping_location_id", "qu_id_purchase", "qu_id_stock", "qu_factor_purchase_to_stock", "min_stock_amount", "default_best_before_days", "default_best_before_days_after_open", "default_best_before_days_after_freezing", "default_best_before_days_after_thawing", "picture_file_name", "enable_tare_weight_handling", "tare_weight", "not_check_stock_fulfillment_for_recipes", "parent_product_id", "calories", "cumulate_min_stock_amount_of_sub_products", "due_type", "quick_consume_amount", "hide_on_stock_overview", "row_created_timestamp", "default_print_stock_label", "allow_label_per_unit", "should_not_be_frozen") VALUES ('26', 'Lambi toalettpapir', '', '1', '1', '6', '1', '3', '2', '12.0', '2', '-1', '0', '0', '0', '', '0', '0.0', '0', '', '0', '0', '1', '1.0', '0', '2021-08-08 13:34:16', '0', '0', '0');
INSERT INTO "main"."products" ("id", "name", "description", "product_group_id", "active", "location_id", "shopping_location_id", "qu_id_purchase", "qu_id_stock", "qu_factor_purchase_to_stock", "min_stock_amount", "default_best_before_days", "default_best_before_days_after_open", "default_best_before_days_after_freezing", "default_best_before_days_after_thawing", "picture_file_name", "enable_tare_weight_handling", "tare_weight", "not_check_stock_fulfillment_for_recipes", "parent_product_id", "calories", "cumulate_min_stock_amount_of_sub_products", "due_type", "quick_consume_amount", "hide_on_stock_overview", "row_created_timestamp", "default_print_stock_label", "allow_label_per_unit", "should_not_be_frozen") VALUES ('27', 'Omo Color', 'Trippel Dose 16stk', '2', '1', '6', '1', '3', '2', '16.0', '2', '-1', '0', '0', '0', '7046110305447.jpg', '0', '0.0', '0', '', '0', '0', '1', '1.0', '0', '2021-08-08 13:43:22', '0', '0', '0');
INSERT INTO "main"."products" ("id", "name", "description", "product_group_id", "active", "location_id", "shopping_location_id", "qu_id_purchase", "qu_id_stock", "qu_factor_purchase_to_stock", "min_stock_amount", "default_best_before_days", "default_best_before_days_after_open", "default_best_before_days_after_freezing", "default_best_before_days_after_thawing", "picture_file_name", "enable_tare_weight_handling", "tare_weight", "not_check_stock_fulfillment_for_recipes", "parent_product_id", "calories", "cumulate_min_stock_amount_of_sub_products", "due_type", "quick_consume_amount", "hide_on_stock_overview", "row_created_timestamp", "default_print_stock_label", "allow_label_per_unit", "should_not_be_frozen") VALUES ('28', 'Tomatketchup', '570g Heinz', '3', '1', '2', '1', '2', '2', '1.0', '1', '365', '0', '0', '0', '87157239.jpg', '0', '0.0', '0', '', '1', '0', '1', '1.0', '0', '2021-08-08 15:47:12', '0', '0', '0');
INSERT INTO "main"."products" ("id", "name", "description", "product_group_id", "active", "location_id", "shopping_location_id", "qu_id_purchase", "qu_id_stock", "qu_factor_purchase_to_stock", "min_stock_amount", "default_best_before_days", "default_best_before_days_after_open", "default_best_before_days_after_freezing", "default_best_before_days_after_thawing", "picture_file_name", "enable_tare_weight_handling", "tare_weight", "not_check_stock_fulfillment_for_recipes", "parent_product_id", "calories", "cumulate_min_stock_amount_of_sub_products", "due_type", "quick_consume_amount", "hide_on_stock_overview", "row_created_timestamp", "default_print_stock_label", "allow_label_per_unit", "should_not_be_frozen") VALUES ('29', 'Coop Jasminris 2kg', 'Langkornet jasminris (Vietnam). Polert', '3', '1', '4', '2', '2', '5', '2000.0', '370', '-1', '0', '0', '0', '7025110061577.jpg', '0', '0.0', '0', '', '352', '0', '1', '1.0', '0', '2021-08-08 16:10:28', '0', '0', '0');
INSERT INTO "main"."products" ("id", "name", "description", "product_group_id", "active", "location_id", "shopping_location_id", "qu_id_purchase", "qu_id_stock", "qu_factor_purchase_to_stock", "min_stock_amount", "default_best_before_days", "default_best_before_days_after_open", "default_best_before_days_after_freezing", "default_best_before_days_after_thawing", "picture_file_name", "enable_tare_weight_handling", "tare_weight", "not_check_stock_fulfillment_for_recipes", "parent_product_id", "calories", "cumulate_min_stock_amount_of_sub_products", "due_type", "quick_consume_amount", "hide_on_stock_overview", "row_created_timestamp", "default_print_stock_label", "allow_label_per_unit", "should_not_be_frozen") VALUES ('30', 'Berthas Klenning med Kanel 260g', 'hvetemel, margarin (rapsolje, fullherdet kokos- og rapsolje, vann, kokosolje, skummet melk, salt, emulgator (mono- og diglyserider av fettsyrer, soyalecitin), farge (betakaroten), aroma), vann, sukker, stabilisatorer (E422, E415), vegetabilsk olje (raps), dekstrose, gjær, hevemiddel (E500, E503), emulgator (E481), hvetestivelse, kanel, salt, konserveringsmiddel (E202), surhetsregulerende middel (E330), enzymer (inneholder hvete)', '4', '1', '2', '2', '2', '2', '1.0', '0', '30', '12', '0', '0', '7037421025766.jpg', '0', '0.0', '0', '', '1', '0', '1', '1.0', '0', '2021-08-08 16:19:07', '0', '0', '0');
INSERT INTO "main"."products" ("id", "name", "description", "product_group_id", "active", "location_id", "shopping_location_id", "qu_id_purchase", "qu_id_stock", "qu_factor_purchase_to_stock", "min_stock_amount", "default_best_before_days", "default_best_before_days_after_open", "default_best_before_days_after_freezing", "default_best_before_days_after_thawing", "picture_file_name", "enable_tare_weight_handling", "tare_weight", "not_check_stock_fulfillment_for_recipes", "parent_product_id", "calories", "cumulate_min_stock_amount_of_sub_products", "due_type", "quick_consume_amount", "hide_on_stock_overview", "row_created_timestamp", "default_print_stock_label", "allow_label_per_unit", "should_not_be_frozen") VALUES ('31', 'Pågen Gifflar med Kanel 300g', 'Hvetemel, vann, sukker, vegetabilsk olje (palme, raps), brunt sukker, aprikoskjerner, modifisert stivelse, kanel (0,8%), fortykningsmiddel (E440), salt, invertsukker, mandel, skummet melk, gjær, egg, bakepulver (E450, E500), vegetabilsk emulgeringsmiddel (E471), konserveringsmiddel (E200, E282), surhetsregulerende middel (E330), malt av bygg, aroma', '', '1', '4', '', '2', '2', '1.0', '0', '-1', '14', '0', '0', '7311070006209.jpg', '0', '0.0', '0', '', '1', '0', '1', '1.0', '0', '2021-08-08 16:19:20', '0', '0', '0');
INSERT INTO "main"."products" ("id", "name", "description", "product_group_id", "active", "location_id", "shopping_location_id", "qu_id_purchase", "qu_id_stock", "qu_factor_purchase_to_stock", "min_stock_amount", "default_best_before_days", "default_best_before_days_after_open", "default_best_before_days_after_freezing", "default_best_before_days_after_thawing", "picture_file_name", "enable_tare_weight_handling", "tare_weight", "not_check_stock_fulfillment_for_recipes", "parent_product_id", "calories", "cumulate_min_stock_amount_of_sub_products", "due_type", "quick_consume_amount", "hide_on_stock_overview", "row_created_timestamp", "default_print_stock_label", "allow_label_per_unit", "should_not_be_frozen") VALUES ('32', 'Kvikk Lunsj', '47g Freia', '', '1', '7', '', '2', '2', '1.0', '0', '0', '0', '0', '0', '7622400974434.jpg', '0', '0.0', '0', '', '', '0', '1', '1.0', '0', '2021-08-08 17:26:21', '0', '0', '0');

INSERT INTO "main"."quantity_unit_conversions" ("id", "from_qu_id", "to_qu_id", "factor", "product_id", "row_created_timestamp") VALUES ('1', '2', '4', '1.5', '19', '2021-08-08 13:29:28');
INSERT INTO "main"."quantity_unit_conversions" ("id", "from_qu_id", "to_qu_id", "factor", "product_id", "row_created_timestamp") VALUES ('2', '3', '5', '400.0', '15', '2021-08-08 15:58:09');
INSERT INTO "main"."quantity_unit_conversions" ("id", "from_qu_id", "to_qu_id", "factor", "product_id", "row_created_timestamp") VALUES ('3', '3', '4', '1.75', '1', '2021-08-08 17:06:32');
INSERT INTO "main"."quantity_unit_conversions" ("id", "from_qu_id", "to_qu_id", "factor", "product_id", "row_created_timestamp") VALUES ('4', '2', '3', '1.0', '15', '2021-08-22 14:55:15');

INSERT INTO "main"."userfield_values" ("id", "field_id", "object_id", "value", "row_created_timestamp") VALUES ('1', '1', '1', 'Sunniva Original Eplejuice', '2021-11-03 17:38:54');
INSERT INTO "main"."userfield_values" ("id", "field_id", "object_id", "value", "row_created_timestamp") VALUES ('2', '1', '8', 'Tine TineMelk Lett', '2021-11-03 21:08:49');
INSERT INTO "main"."userfield_values" ("id", "field_id", "object_id", "value", "row_created_timestamp") VALUES ('3', '1', '19', 'PepsiCo Pepsi Max', '2021-11-03 21:13:41');
INSERT INTO "main"."userfield_values" ("id", "field_id", "object_id", "value", "row_created_timestamp") VALUES ('4', '1', '2', 'Peppes Pizza Peppes Pizza Farmer''s Meat Skinke & Bacon', '2021-11-03 22:23:37');
INSERT INTO "main"."userfield_values" ("id", "field_id", "object_id", "value", "row_created_timestamp") VALUES ('5', '1', '16', 'Berthas Lefsegodt', '2021-11-03 22:24:06');
INSERT INTO "main"."userfield_values" ("id", "field_id", "object_id", "value", "row_created_timestamp") VALUES ('6', '1', '10', 'Trondhjems Maxboller i Tomatsaus', '2021-11-03 22:24:56');
INSERT INTO "main"."userfield_values" ("id", "field_id", "object_id", "value", "row_created_timestamp") VALUES ('7', '1', '21', 'Tine Fløtemysost', '2021-11-03 22:25:06');
INSERT INTO "main"."userfield_values" ("id", "field_id", "object_id", "value", "row_created_timestamp") VALUES ('8', '2', '5', 'g', '2021-11-06 11:51:47');
INSERT INTO "main"."userfield_values" ("id", "field_id", "object_id", "value", "row_created_timestamp") VALUES ('9', '2', '4', 'l', '2021-11-06 11:51:51');
INSERT INTO "main"."userfield_values" ("id", "field_id", "object_id", "value", "row_created_timestamp") VALUES ('10', '2', '3', 'pk', '2021-11-06 11:51:55');
INSERT INTO "main"."userfield_values" ("id", "field_id", "object_id", "value", "row_created_timestamp") VALUES ('11', '2', '2', 'stk', '2021-11-06 11:52:02');

INSERT INTO "main"."api_keys" ("id", "api_key", "user_id", "expires", "last_used", "row_created_timestamp", "key_type") VALUES ('1', 'KykIDhjC2cR3rVjJr2yQVvNmBxAOm7OL5fnHLI0gUkkOj49xyY', '1', '2999-12-31 23:59:59', '2021-11-06 15:44:25', '2021-11-06 12:31:47', 'default');